Country Name,Country Code,2010,2011,2012,2013,2014,2015,2016,2017,2018,2019,2020,2021,2022,2023,2024
Aruba,ABW,1.79,1.79,1.79,1.79,1.79,1.79,1.79,1.79,1.79,1.79,1.79,1.79,1.79,1.79,1.79
Afghanistan,AFG,46.452461,46.74700774,50.9214,55.3775,57.2475,61.14346154,67.86608577,68.02690408,72.08324718,77.73794918,76.81353644,,,,
Angola,AGO,91.90572034,93.93475,95.46795542,96.51827948,98.30241686,120.0607017,163.6564341,165.9159507,252.8557477,364.825805,578.2587803,631.4419555,460.5675116,685.0202378,869.8461896
Albania,ALB,103.9366667,100.8958333,108.1841667,105.6691667,105.48,125.9616667,124.1425,119.1,107.9891667,109.8508333,108.65,103.52,113.0416667,100.645,93.12333333
United Arab Emirates,ARE,3.6725,3.6725,3.6725,3.6725,3.6725,3.6725,3.6725,3.6725,3.6725,3.6725,3.6725,3.6725,3.6725,3.6725,3.6725
Argentina,ARG,3.896295154,4.110139576,4.53693436,5.459352665,8.075275993,9.233185525,14.75817509,16.56270693,28.09499167,48.14789167,70.53916667,94.99074167,130.61655,296.2580417,914.6948833
Armenia,ARM,373.6604667,372.5008824,401.7639756,409.6257493,415.9197892,477.9183066,480.4881508,482.7163938,482.9879466,480.4451288,489.0088586,503.769675,435.6661797,392.4763022,392.7295514
American Samoa,ASM,1,1,1,1,1,1,1,1,1,1,1,1,1,1,1
Antigua and Barbuda,ATG,2.7,2.7,2.7,2.7,2.7,2.7,2.7,2.7,2.7,2.7,2.7,2.7,2.7,2.7,2.7
Australia,AUS,1.090159486,0.969463201,0.965801031,1.035843097,1.109363293,1.331090262,1.345213976,1.304758077,1.338412146,1.438506544,1.453085118,1.33122426,1.441664459,1.505191066,1.515358039
Austria,AUT,0.75430899,0.718413899,0.77833812,0.752945123,0.752728197,0.901296423,0.903421436,0.885205508,0.846772667,0.893276257,0.875506397,0.845494139,0.949623753,0.924839558,0.923889546
Azerbaijan,AZE,0.80265,0.789686389,0.785645349,0.784541075,0.7843475,1.024563819,1.595721573,1.721154802,1.700016667,1.7,1.7,1.7,1.7,1.7,1.7
Burundi,BDI,1230.748333,1261.073333,1442.505625,1555.090833,1546.686667,1571.898333,1654.626667,1729.055,1782.876875,1845.622891,1915.046176,1975.950881,2034.306634,2574.051749,
Belgium,BEL,0.75430899,0.718413899,0.77833812,0.752945123,0.752728197,0.901296423,0.903421436,0.885205508,0.846772667,0.893276257,0.875506397,0.845494139,0.949623753,0.924839558,0.923889546
Benin,BEN,494.7942622,471.2486257,510.5563385,493.8996239,493.7573299,591.211698,592.6056151,580.6567496,555.4464584,585.9508138,574.2945496,554.6077989,622.9123482,606.6549823,606.3452976
Burkina Faso,BFA,494.7942622,471.2486257,510.5563385,493.8996239,493.7573299,591.211698,592.6056151,580.6567496,555.4464584,585.9110132,575.5860045,554.530675,623.7597009,606.5697502,606.3452976
Bangladesh,BGD,69.64929167,74.1524,81.86265833,78.103235,77.64140833,77.94690833,78.46809167,80.43754167,83.46620192,84.4535225,84.87139167,85.08376325,91.74545444,106.3094843,115.6036538
Bulgaria,BGR,1.477391667,1.406458333,1.52205,1.473566667,1.474183333,1.7644,1.768041667,1.735458333,1.657041667,1.747041667,1.716333333,1.653775,1.860141667,1.808966667,1.807841667
Bahrain,BHR,0.376,0.376,0.376,0.376,0.376,0.376,0.376,0.376,0.376,0.376,0.376,0.376,0.376,0.376,0.376
"Bahamas, The",BHS,1,1,1,1,1,1,1,1,1,1,1,1,1,1,1
Bosnia and Herzegovina,BIH,1.476739568,1.406936586,1.522209974,1.473051323,1.474169187,1.763491647,1.768139024,1.735352713,1.656985441,1.747086461,1.716970495,1.653606154,1.859325877,1.8092028,1.807563562
Belarus,BLR,0.297851,0.497463333,0.833689833,0.88800525,1.02241025,1.592598833,1.989562833,1.932341667,2.037608333,2.091783333,2.439575,2.538675,2.6261,3.00735,3.246191667
Belize,BLZ,2,2,2,2,2,2,2,2,2,2,2,2,2,2,2
Bermuda,BMU,1,1,1,1,1,1,1,1,1,1,1,1,1,1,1
Bolivia,BOL,7.016666667,6.9369625,6.91,6.91,6.91,6.91,6.91,6.91,6.91,6.91,6.91,6.91,6.91,6.91,6.91
Brazil,BRA,1.759226711,1.672828755,1.953068611,2.156089151,2.352951963,3.326904383,3.491313422,3.191389446,3.653825361,3.944471097,5.155178788,5.39440079,5.163970291,4.994379763,5.388934906
Barbados,BRB,2,2,2,2,2,2,2,2,2,2,2,2,2,2,2
Brunei Darussalam,BRN,1.363509474,1.25791302,1.249567016,1.25116567,1.267040123,1.374910845,1.381346877,1.380891164,1.348918565,1.364218514,1.37970343,1.343806963,1.378956397,1.343079601,1.336033277
Bhutan,BTN,45.72581212,46.67046667,53.43723333,58.59784542,61.02951446,64.15194446,67.19531281,65.12156865,68.38946709,70.42034054,74.09956688,73.91801282,78.60449058,82.59927645,83.66928158
Botswana,BWA,6.793625,6.838233333,7.640525,8.398908333,8.976083333,10.12899167,10.90115833,10.34741667,10.199975,10.75586667,11.45624167,11.08725833,12.36880833,13.59638333,13.56313333
Central African Republic,CAF,494.7942622,471.2486257,510.5563385,493.8996239,493.7573299,591.211698,592.6056151,580.6567496,555.4464584,585.9110132,575.5860045,554.530675,623.7597009,606.5697502,606.3452976
Canada,CAN,1.030112735,0.989258159,0.999364744,1.030137364,1.104747132,1.278786204,1.325615164,1.297935846,1.295817928,1.326793363,1.341152672,1.253876902,1.301554775,1.349908641,1.369359766
Switzerland,CHE,1.042905646,0.888042028,0.937684481,0.926903548,0.916151047,0.962381328,0.985394394,0.984691667,0.977891667,0.993709167,0.938965,0.913845833,0.9548325,0.89849,0.880440833
Channel Islands,CHI,0.647179346,0.624140836,0.633046989,0.639660578,0.607729627,0.654545479,0.740634464,0.776976682,0.74953154,0.78344511,0.779999577,0.727064945,0.811301716,0.804538907,0.782414581
Chile,CHL,510.2491667,483.6675,486.4713034,495.2728776,570.3482161,654.1240843,676.957736,648.8337926,641.2768131,702.8974226,792.7272061,758.9553787,873.3141895,840.0665267,943.5721674
China,CHN,6.770269029,6.461461327,6.312332827,6.195758346,6.143434094,6.227488673,6.644477829,6.758755086,6.615957177,6.90838501,6.900767269,6.44897518,6.737158112,7.083998423,7.197491108
Cote d'Ivoire,CIV,494.7942622,471.2486257,510.5563385,493.8996239,493.7573299,591.211698,592.6056151,580.6567496,555.4464584,585.9110132,575.5860045,554.530675,623.7597009,606.5697502,606.3452976
Cameroon,CMR,494.7942622,471.2486257,510.5563385,493.8996239,493.7573299,591.211698,592.6056151,580.6567496,555.4464584,585.9110132,575.5860045,554.530675,623.7597009,606.5697502,606.3452976
"Congo, Dem. Rep.",COD,905.9134583,919.4913,919.7550167,919.5659074,925.2262825,925.9849613,1010.302757,1464.417932,1622.523502,1647.760127,1851.122162,1989.391471,2006.708219,2340.035704,
"Congo, Rep.",COG,494.7942622,471.2486257,510.5563385,493.8996239,493.7573299,591.211698,592.6056151,580.6567496,555.4464584,585.9110132,575.5860045,554.530675,623.7597009,606.5697502,606.3452976
Colombia,COL,1898.9975,1848.016667,1798.011667,1868.895,2001.105,2741.781667,3055.255,2951.486911,2955.70397,3281.622194,3693.275833,3744.244167,4256.194167,4325.955,4074.434167
Comoros,COM,371.0956967,353.4364693,382.9172538,370.4247179,370.3179974,443.4087735,444.4542113,435.4925622,416.5848438,439.4631103,430.7209122,415.9558491,467.1842612,454.9912367,454.5238613
Cabo Verde,CPV,83.27868938,79.27688148,86.31895418,83.0725,83.0345,99.38569354,99.68811364,97.80693777,93.41357891,98.49517859,96.79574279,93.21809241,104.8630658,101.8048125,101.9220108
Costa Rica,CRI,525.8292007,505.6642399,502.901462,499.7668326,538.3172003,534.56577,544.7393672,567.5130903,576.9725012,587.2945957,584.900855,620.78472,647.1358176,544.0507755,515.1097719
Curacao,CUW,,1.79,1.79,1.79,1.79,1.79,1.79,1.79,1.79,1.79,1.79,1.79,1.79,1.79,1.79
Cayman Islands,CYM,0.83333,0.83333,0.83333,0.83333,0.83333,0.83333,0.83333,0.83333,0.83333,0.83333,0.83333,0.83333,0.83333,0.83333,0.83333
Cyprus,CYP,0.75430899,0.718413899,0.77833812,0.752945123,0.752728197,0.901296423,0.903421436,0.885205508,0.846772667,0.893276257,0.875506397,0.845494139,0.949623753,0.924839558,0.923889546
Czechia,CZE,19.09825,17.69591667,19.5775,19.57058333,20.7575,24.59875,24.43991667,23.37633333,21.72991667,22.93225,23.21025,21.67816667,23.357,22.19808333,23.21683333
Germany,DEU,0.75430899,0.718413899,0.77833812,0.752945123,0.752728197,0.901296423,0.903421436,0.885205508,0.846772667,0.893276257,0.875506397,0.845494139,0.949623753,0.924839558,0.923889546
Djibouti,DJI,177.721,177.721,177.721,177.721,177.721,177.721,177.721,177.721,177.721,177.721,177.721,177.721,177.721,177.721,177.721
Dominica,DMA,2.7,2.7,2.7,2.7,2.7,2.7,2.7,2.7,2.7,2.7,2.7,2.7,2.7,2.7,2.7
Denmark,DNK,5.624075,5.368711535,5.792475537,5.616311686,5.612466667,6.727906831,6.731718257,6.602893466,6.314618787,6.669446615,6.542152204,6.287113083,7.076151863,6.889702586,6.894481417
Dominican Republic,DOM,36.82129187,38.08758487,39.32030084,41.79450343,43.54967262,45.04549907,46.06444394,47.5343582,49.50999286,51.29485833,56.52453333,57.22111667,55.14099167,56.1576,59.56513333
Algeria,DZA,74.38598333,72.93788333,77.53596667,79.3684,80.57901667,100.6914333,109.4430667,110.9730167,116.5937917,119.3535583,126.7768,135.0640583,141.994975,135.8429333,134.0532417
Ecuador,ECU,1,1,1,1,1,1,1,1,1,1,1,1,1,1,1
"Egypt, Arab Rep.",EGY,5.621942918,5.932827652,6.056058333,6.870325,7.077608561,7.691258333,10.02540079,17.78253352,17.76729042,16.77058184,15.75917292,15.64452728,19.16043974,30.6264137,45.29926
Euro area,EMU,0.75430899,0.718413899,0.77833812,0.752945123,0.752728197,0.901296423,0.903421436,0.885205508,0.846772667,0.893276257,0.875506397,0.845494139,0.949623753,0.924839558,0.923889546
Eritrea,ERI,15.375,15.375,15.375,15.375,15.375,15.375,15.35,15.075,15.075,15.075,15.075,15.075,15.075,15.075,15.075
Spain,ESP,0.75430899,0.718413899,0.77833812,0.752945123,0.752728197,0.901296423,0.903421436,0.885205508,0.846772667,0.893276257,0.875506397,0.845494139,0.949623753,0.924839558,0.923889546
Estonia,EST,11.80684823,0.718413899,0.77833812,0.752945123,0.752728197,0.901296423,0.903421436,0.885205508,0.846772667,0.893276257,0.875506397,0.845494139,0.949623753,0.924839558,0.923889546
Ethiopia,ETH,14.40958981,16.89922576,17.70476138,18.62662896,19.58578991,20.57684875,21.73154722,23.86610446,27.42938659,29.06975,34.9271654,43.73377832,51.75621503,54.60094807,
Finland,FIN,0.75430899,0.718413899,0.77833812,0.752945123,0.752728197,0.901296423,0.903421436,0.885205508,0.846772667,0.893276257,0.875506397,0.845494139,0.949623753,0.924839558,0.923889546
Fiji,FJI,1.918508678,1.790883831,1.789892817,1.841476617,1.887345358,2.097629816,2.094695939,2.066875304,2.087379789,2.160393115,2.168804924,2.070633333,2.201406987,2.250125,2.2683
France,FRA,0.75430899,0.718413899,0.77833812,0.752945123,0.752728197,0.901296423,0.903421436,0.885205508,0.846772667,0.893276257,0.875506397,0.845494139,0.949623753,0.924839558,0.923889546
Faroe Islands,FRO,5.624075,5.368711535,5.792475537,5.616311686,5.612466667,6.727906831,6.731718257,6.602893466,6.314618787,6.669446615,6.542152204,6.287113083,7.076151863,6.889702586,6.894481417
"Micronesia, Fed. Sts.",FSM,1,1,1,1,1,1,1,1,1,1,1,1,1,1,1
Gabon,GAB,494.7942622,471.2486257,510.5563385,493.8996239,493.7573299,591.211698,592.6056151,580.6567496,555.4464584,585.9110132,575.5860045,554.530675,623.7597009,606.5697502,606.3452976
United Kingdom,GBR,0.647179346,0.624140836,0.633046989,0.639660578,0.607729627,0.654545479,0.740634464,0.776976682,0.74953154,0.78344511,0.779999577,0.727064945,0.811301716,0.804538907,0.782414581
Georgia,GEO,1.782341667,1.68649543,1.651258333,1.66335,1.765666667,2.269341667,2.366725,2.509541667,2.534110833,2.818145,3.109016667,3.221558333,2.9162,2.627958333,2.720616667
Ghana,GHA,1.429983333,1.520625,1.824866667,1.98135,2.896575,3.714641667,3.909816667,4.350533333,4.585325,5.217366667,5.595708333,5.8057,8.2724,11.02040833,
Gibraltar,GIB,0.647179346,0.624140836,0.633046989,0.639660578,0.607729627,0.654545479,0.740634464,0.776976682,0.74953154,0.78344511,0.779999577,0.727064945,0.811301716,0.804538907,0.782414581
Guinea,GIN,5726.071021,6658.031258,6985.829026,6907.87807,7014.118777,7485.516742,8967.92708,9088.319496,9011.134177,9183.875864,9565.082183,,,,
"Gambia, The",GMB,28.01195366,29.46152006,32.07713389,35.95758683,41.73296165,42.50620809,43.37252767,46.60890946,48.15178064,50.06246137,51.50166037,51.48444388,54.92346736,61.09633301,
Guinea-Bissau,GNB,494.7942622,471.2486257,510.5563385,493.8996239,493.7573299,591.211698,592.6056151,580.6567496,555.4464584,585.9110132,575.5860045,554.530675,623.7597009,606.5697502,606.3452976
Equatorial Guinea,GNQ,494.7942622,471.2486257,510.5563385,493.8996239,493.7573299,591.211698,592.6056151,580.6567496,555.4464584,585.9110132,575.5860045,554.530675,623.7597009,606.5697502,606.3452976
Greece,GRC,0.75430899,0.718413899,0.77833812,0.752945123,0.752728197,0.901296423,0.903421436,0.885205508,0.846772667,0.893276257,0.875506397,0.845494139,0.949623753,0.924839558,0.923889546
Grenada,GRD,2.7,2.7,2.7,2.7,2.7,2.7,2.7,2.7,2.7,2.7,2.7,2.7,2.7,2.7,2.7
Greenland,GRL,5.624075,5.368711535,5.792475537,5.616311686,5.612466667,6.727906831,6.731718257,6.602893466,6.314618787,6.669446615,6.542152204,6.287113083,7.076151863,6.889702586,6.894481417
Guatemala,GTM,8.057770833,7.785418333,7.833605417,7.85681375,7.732233333,7.654815,7.599937083,7.34793875,7.519164583,7.696698333,7.72165,7.734388333,7.74824375,7.831974167,7.7585375
Guam,GUM,1,1,1,1,1,1,1,1,1,1,1,1,1,1,1
Guyana,GUY,203.6358333,204.0175,204.3583333,205.3941667,206.4491667,206.5,206.5,206.5,207.7166667,208.5,208.5,208.5,208.5,208.5,208.5
"Hong Kong SAR, China",HKG,7.769166667,7.784,7.756416667,7.756,7.754083333,7.75175,7.76225,7.79325,7.8385,7.835916667,7.75725,7.77325,7.831416667,7.829583333,7.803833333
Honduras,HND,18.8951,18.91714167,19.50224951,20.35377917,20.98715833,21.945175,22.83501839,23.48708394,23.90272829,24.50853891,24.58188052,24.01665532,24.48587373,24.60164682,24.79928244
Heavily indebted poor countries (HIPC),HPC,,,,,,,,,,,,,,,
Croatia,HRV,5.498010583,5.34386975,5.850291833,5.704880167,5.748165417,6.85830375,6.805990167,6.623831,6.27902525,6.622545167,6.6140555,6.360083167,7.1597415,0.924839558,0.923889546
Haiti,HTI,39.7974,40.52282194,41.94972295,43.46278333,45.21598089,50.70642667,63.33581837,64.76968028,68.03175398,88.81496618,93.50980721,89.22663651,115.6307155,141.0359127,131.8109917
Hungary,HUN,207.9441667,201.055,225.1041667,223.695,232.6016667,279.3325,281.5233333,274.4333333,270.2116667,290.66,307.9966667,303.1408333,372.5958333,353.0883333,365.6908333
Indonesia,IDN,9090.433333,8770.433333,9386.629167,10461.24,11865.2113,13389.41294,13308.3268,13380.83388,14236.93877,14147.67136,14582.20347,14308.1439,14849.85394,15236.88466,15855.44829
Isle of Man,IMN,0.647179346,0.624140836,0.633046989,0.639660578,0.607729627,0.654545479,0.740634464,0.776976682,0.74953154,0.78344511,0.779999577,0.727064945,0.811301716,0.804538907,0.782414581
India,IND,45.72581212,46.67046667,53.43723333,58.59784542,61.02951446,64.15194446,67.19531281,65.12156865,68.38946709,70.42034054,74.09956688,73.91801282,78.60449058,82.59927645,83.66928158
Ireland,IRL,0.75430899,0.718413899,0.77833812,0.752945123,0.752728197,0.901296423,0.903421436,0.885205508,0.846772667,0.893276257,0.875506397,0.845494139,0.949623753,0.924839558,0.923889546
"Iran, Islamic Rep.",IRN,10254.17647,10616.30664,12175.54722,18414.44801,25941.66414,29011.49138,30914.85244,33226.29815,40864.32901,42000,42000,42000,42000,42000,
Iraq,IRQ,1170,1170,1166.166667,1166,1166,1167.333333,1182,1184,1182.75,1182,1192,1450,1450,1312.5,1300
Iceland,ISL,122.2418112,115.9540398,125.082787,122.1791213,116.7673525,131.9187084,120.8115481,106.839572,108.3001763,122.6067736,135.4217116,126.9888602,135.279902,137.9429524,137.958026
Israel,ISR,3.738975,3.578129306,3.855921825,3.610758333,3.577925,3.886833333,3.840566667,3.599555548,3.590558127,3.564527347,3.442405852,3.230198323,3.359614402,3.667374716,3.69971965
Italy,ITA,0.75430899,0.718413899,0.77833812,0.752945123,0.752728197,0.901296423,0.903421436,0.885205508,0.846772667,0.893276257,0.875506397,0.845494139,0.949623753,0.924839558,0.923889546
Jamaica,JAM,87.19614633,85.8934632,88.74980239,100.3978832,110.9345278,116.9697766,125.0950346,127.9645442,128.8715191,133.3121183,142.4028328,150.7901059,153.4268165,154.158779,156.4395401
Jordan,JOR,0.71,0.71,0.71,0.71,0.71,0.71,0.71,0.71,0.71,0.71,0.71,0.71,0.71,0.71,0.71
Japan,JPN,87.779875,79.80701983,79.79045542,97.59565828,105.944781,121.0440257,108.7929,112.1661411,110.4231793,109.0096659,106.7745823,109.7543238,131.4981404,140.4911001,151.3662913
Kazakhstan,KAZ,147.355,146.6208333,149.1125,152.1291667,179.1916667,221.7283333,342.16,326.0010227,344.7058333,382.7473106,412.9533333,425.9075,460.165,456.165,468.9625
Kenya,KEN,79.2331517,88.81076997,84.52960176,86.1228789,87.92216381,98.17845333,101.5043695,103.4100045,101.301574,101.9912984,106.4507802,109.6377466,117.8659892,139.8463838,134.8224833
Kyrgyz Republic,KGZ,45.9642614,46.14390132,47.00447914,48.43805901,53.65405831,64.46210827,69.91406583,68.86666786,68.84032033,69.78934918,77.3461127,84.64082201,84.11622257,87.85612559,87.15031264
Cambodia,KHM,4184.916667,4058.5,4033,4027.25,4037.5,4067.75,4058.694579,4050.579986,4051.1669,4061.148963,4092.783219,4098.722795,4102.037865,4110.652746,4072.397239
Kiribati,KIR,1.090159486,0.969463201,0.965801031,1.035843097,1.109363293,1.331090262,1.345213976,1.304758077,1.338412146,1.438506544,1.453085118,1.33122426,1.441664459,1.505191066,1.515358039
St. Kitts and Nevis,KNA,2.7,2.7,2.7,2.7,2.7,2.7,2.7,2.7,2.7,2.7,2.7,2.7,2.7,2.7,2.7
Korea,KOR,1156.46,1108.233333,1126.806667,1094.9825,1052.84,1130.9525,1160.7675,1131.000833,1100.163333,1165.3575,1180.265833,1143.951667,1291.446667,1305.6625,1363.375
Kuwait,KWT,0.286606592,0.275978944,0.279935558,0.283589442,0.284567142,0.300852025,0.302137441,0.303349758,0.301956494,0.303611163,0.306233122,0.301643111,0.306250154,0.307185351,0.306690649
Latin America & Caribbean (excluding high income),LAC,,,,,,,,,,,,,,,
Lao PDR,LAO,8254.16303,8029.262555,8006.582032,7833.22999,8042.42157,8127.610598,8124.366756,8244.843189,8401.334766,8679.409093,9045.787834,9697.915789,14035.22669,17688.87359,
Lebanon,LBN,1507.5,1507.5,1507.5,1507.5,1507.5,1507.5,1507.5,1507.5,1507.5,1507.5,1507.5,1507.5,1507.5,13875.625,89500
Liberia,LBR,71.40333333,72.22666667,73.51477208,77.52,83.8925,86.18836657,94.42724359,112.7066667,144.0555758,186.4297446,191.5179576,166.1537008,152.9337568,174.9559828,
Libya,LBY,1.26678941,1.224152495,1.261659638,1.271691821,1.272402067,1.38120986,1.390368679,1.393820011,1.364966667,1.398262897,1.388666683,4.514425,4.813175,4.812883333,4.832208333
St. Lucia,LCA,2.7,2.7,2.7,2.7,2.7,2.7,2.7,2.7,2.7,2.7,2.7,2.7,2.7,2.7,2.7
Sri Lanka,LKA,113.0644804,110.5652079,127.6033535,129.0690309,130.5646852,135.8569128,145.5816675,152.4464139,162.4648587,178.744925,185.5925578,198.7643168,322.6326743,327.5065333,
Lesotho,LSO,7.321221961,7.261132132,8.209968627,9.655056069,10.85265557,12.75893088,14.70961089,13.32380142,13.23392647,14.44842705,16.45910539,14.77867821,16.35585348,18.45024418,18.32865755
Lithuania,LTU,2.606333333,2.4811,2.686291667,2.601008333,2.600291667,0.901296423,0.903421436,0.885205508,0.846772667,0.893276257,0.875506397,0.845494139,0.949623753,0.924839558,0.923889546
Luxembourg,LUX,0.75430899,0.718413899,0.77833812,0.752945123,0.752728197,0.901296423,0.903421436,0.885205508,0.846772667,0.893276257,0.875506397,0.845494139,0.949623753,0.924839558,0.923889546
Latvia,LVA,0.530475,0.501233333,0.546875,0.529391667,0.752728197,0.901296423,0.903421436,0.885205508,0.846772667,0.893276257,0.875506397,0.845494139,0.949623753,0.924839558,0.923889546
"Macao SAR, China",MAC,8.002216667,8.018208333,7.9898635,7.989255333,7.987129,7.984960417,7.99506425,8.026001,8.072507417,8.070470333,7.989061917,8.00553175,8.065206083,8.063390083,8.03683075
St. Martin (French part),MAF,0.75430899,0.718413899,0.77833812,0.752945123,0.752728197,0.901296423,0.903421436,0.885205508,0.846772667,0.893276257,0.875506397,0.845494139,0.949623753,0.924839558,0.923889546
Morocco,MAR,8.417158333,8.089875,8.628444583,8.405503917,8.406336688,9.76434828,9.807476032,9.691997889,9.386102421,9.6170761,9.496847322,8.988484024,10.16066024,10.1314261,9.942359217
Monaco,MCO,0.75430899,0.718413899,0.77833812,0.752945123,0.752728197,0.901296423,0.903421436,0.885205508,0.846772667,0.893276257,0.875506397,0.845494139,0.949623753,0.924839558,0.923889546
Moldova,MDA,12.36926096,11.73861249,12.11143682,12.58675623,14.03563005,18.81847515,19.92382756,18.49903489,16.80205172,17.57346887,17.32183521,17.68046614,18.89718962,18.16393776,17.79190769
Madagascar,MDG,2089.95,2025.1175,2194.966667,2206.914167,2414.811667,2933.508333,3176.539167,3116.11,3334.752255,3618.321858,3787.754058,3829.977849,4096.116184,4429.579214,4525.424721
Maldives,MDV,12.8,14.6020084,15.36483532,15.36671003,15.38039352,15.36633122,15.36840768,15.38696851,15.39083727,15.38204192,15.38126953,15.37269841,15.386625,15.38679435,15.38919633
Mexico,MEX,12.63600833,12.423325,13.16945833,12.77199167,13.29245,15.84826667,18.66405833,18.92651667,19.24434167,19.26363333,21.48560833,20.27240833,20.12735,17.75871667,18.30485833
Marshall Islands,MHL,1,1,1,1,1,1,1,1,1,1,1,1,1,1,1
North Macedonia,MKD,46.48539167,44.230825,47.89025,46.39534167,46.43713083,55.537075,55.731725,54.66545833,52.10710833,54.9472,54.144325,52.10215833,58.57439167,56.94719167,56.87263333
Mali,MLI,494.7942622,471.2486257,510.5563385,493.8996239,493.7573299,591.211698,592.6056151,580.6567496,555.4464584,585.9110132,575.5860045,554.530675,623.7597009,606.5697502,606.3452976
Malta,MLT,0.75430899,0.718413899,0.77833812,0.752945123,0.752728197,0.901296423,0.903421436,0.885205508,0.846772667,0.893276257,0.875506397,0.845494139,0.949623753,0.924839558,0.923889546
Myanmar,MMR,5.634883333,5.444108333,640.6534167,933.5704564,984.3457476,1162.615329,1234.869517,1360.358707,1429.807975,1518.255117,1381.619167,,,,
"Middle East, North Africa, Afghanistan & Pakistan (excluding high income)",MNA,,,,,,,,,,,,,,,
Montenegro,MNE,0.75430899,0.718413899,0.77833812,0.752945123,0.752728197,0.901296423,0.903421436,0.885205508,0.846772667,0.893215581,0.877475207,0.845376564,0.950915534,0.924709623,0.924367447
Mongolia,MNG,1357.064167,1265.515833,1357.58,1523.9275,1817.938708,1970.309167,2140.290864,2439.777201,2472.484051,2663.541398,2813.289835,2849.288615,3140.677884,3465.736536,3389.98152
Northern Mariana Islands,MNP,1,1,1,1,1,1,1,1,1,1,1,1,1,1,1
Mozambique,MOZ,33.9600988,29.06759993,28.37298448,30.10411109,31.3526877,39.98247415,63.05623273,63.58432291,60.32620764,62.54833333,69.465,65.465,63.85083333,63.88583333,63.905
Mauritania,MRT,27.58941667,28.11183333,29.662,30.06816667,30.2725,32.46716667,35.23708333,35.79441667,35.6775,36.69083333,37.18916667,36.06333333,36.935,36.48916667,
Mauritius,MUS,30.7844,28.70595,30.04997167,30.70135833,30.62161667,35.0567,35.54188333,34.48140833,33.93445,35.47351667,39.34693333,41.69213333,44.182775,45.267225,46.414675
Malawi,MWI,150.4858333,156.5158333,249.1066667,364.4058333,424.8966667,499.6058333,718.005,730.2725,732.3333333,745.5406679,749.5274939,805.8996501,949.0390167,1161.094367,
Malaysia,MYS,3.221086915,3.060003011,3.088800867,3.15090855,3.272859746,3.905500263,4.148300663,4.300440878,4.035130137,4.142469736,4.203481949,4.143297598,4.401076345,4.560623432,4.576427911
North America,NAC,,,,,,,,,,,,,,,
Namibia,NAM,7.33025,7.300025,8.193770833,9.750075,10.8428875,12.88192083,14.70876667,13.3129,13.23394167,14.44869042,16.46326667,14.778675,16.35585833,18.44630833,18.32865833
New Caledonia,NCL,90.01297411,85.72955183,92.88041108,89.8502215,89.82433538,107.5532344,107.8068158,105.6330782,101.0468219,106.5889338,104.7106082,100.8802226,113.4743672,110.3471713,110.3063389
Niger,NER,494.7942622,471.2486257,510.5563385,493.8996239,493.7573299,591.211698,592.6056151,580.6567496,555.4464584,585.9110132,575.5860045,554.530675,623.7597009,606.5697502,606.3452976
Nigeria,NGA,150.2975,153.8625,157.5,157.3116667,158.5526417,192.4403333,253.492,305.7901092,306.0836882,306.9209515,358.8107973,401.1520292,425.9791581,645.1940679,1478.965197
Nicaragua,NIC,21.35644868,22.42427062,23.54666353,24.72276417,25.95890037,27.25684494,28.62096241,30.05094134,31.55321233,33.12174527,34.34212212,35.17101667,35.87442114,36.44119428,36.6243
Netherlands,NLD,0.75430899,0.718413899,0.77833812,0.752945123,0.752728197,0.901296423,0.903421436,0.885205508,0.846772667,0.893276257,0.875506397,0.845494139,0.949623753,0.924839558,0.923889546
Norway,NOR,6.044166667,5.604607307,5.8175,5.875,6.301666667,8.064166667,8.4,8.271666667,8.1325,8.8,9.415833333,8.59,9.614166667,10.56333333,10.74583333
Nepal,NPL,73.26235902,74.02,85.22575599,93.08439381,97.55484216,102.4051343,107.3838152,104.5118852,108.9301341,112.6094828,118.3451873,118.1340816,125.1994578,132.1154601,133.7266443
Nauru,NRU,1.090159486,0.969463201,0.965801031,1.035843097,1.109363293,1.331090262,1.345213976,1.304758077,1.338412146,1.438506544,1.453085118,1.33122426,1.441664459,1.505191066,1.515358039
New Zealand,NZL,1.387833828,1.265810697,1.234283655,1.219407974,1.205433333,1.433975,1.436525,1.407408333,1.445258333,1.517875,1.542058333,1.4138,1.577183333,1.628433333,1.652308333
OECD members,OED,,,,,,,,,,,,,,,
Oman,OMN,0.3845,0.3845,0.3845,0.3845,0.3845,0.3845,0.3845,0.3845,0.3845,0.3845,0.3845,0.3845,0.3845,0.3845,0.3845
Other small states,OSS,,,,,,,,,,,,,,,
Pakistan,PAK,85.19381633,86.34338333,93.39519722,101.6288992,101.1000884,102.7692716,104.769117,105.4551621,121.8240689,150.0362538,161.8384797,162.9062537,204.8671875,280.3561117,278.5807162
Panama,PAN,1,1,1,1,1,1,1,1,1,1,1,1,1,1,1
Peru,PER,2.825125,2.7541,2.637586418,2.701899026,2.839044138,3.184439242,3.375061587,3.260488491,3.286602698,3.337265547,3.494941198,3.880554131,3.835181375,3.74382621,
Philippines,PHL,45.10966418,43.31313692,42.22879473,42.44618483,44.3951543,45.50283994,47.49246386,50.40371979,52.66142995,51.79578265,49.624096,49.25459773,54.47778584,55.63036322,57.29065507
Palau,PLW,1,1,1,1,1,1,1,1,1,1,1,1,1,1,1
Papua New Guinea,PNG,2.719294167,2.370969949,2.083648339,2.24451,2.461385,2.768411667,3.133029302,3.188788383,3.293463081,3.387537681,3.459974386,3.50877193,3.519229705,3.589622749,
Poland,POL,3.0153,2.962847778,3.256541667,3.160616667,3.154541667,3.7695,3.942783333,3.779333333,3.611716667,3.839375,3.899741667,3.861916667,4.457758333,4.203666667,3.980783333
Puerto Rico (US),PRI,1,1,1,1,1,1,1,1,1,1,1,1,1,1,1
Portugal,PRT,0.75430899,0.718413899,0.77833812,0.752945123,0.752728197,0.901296423,0.903421436,0.885205508,0.846772667,0.893276257,0.875506397,0.845494139,0.949623753,0.924839558,0.923889546
Paraguay,PRY,4758.430129,4193.802308,4421.659286,4303.882566,4462.185288,5204.920808,5670.540898,5618.933452,5732.104556,6240.722078,6771.097425,6774.162735,6982.752378,7288.872054,7560.247588
French Polynesia,PYF,90.01297411,85.72955183,92.88041108,89.8502215,89.82433538,107.5532344,107.8068158,105.6330782,101.0468219,106.5889338,104.7106082,100.8802226,113.4743672,110.3471713,110.3063389
Qatar,QAT,3.64,3.64,3.64,3.64,3.64,3.64,3.64,3.64,3.64,3.64,3.64,3.64,3.64,3.64,3.64
Romania,ROU,3.1779,3.048608333,3.4682,3.327916667,3.349175,4.005666667,4.059183333,4.052491667,3.941616667,4.237925,4.243991667,4.160416667,4.688475,4.574291667,4.598375
Russian Federation,RUS,30.36791534,29.38234137,30.83983135,31.83714364,38.37820714,60.93765011,67.05593333,58.34280119,62.66813333,64.73765833,72.10490833,73.65435,68.48494167,85.16200833,
Rwanda,RWA,583.1309066,600.3065198,614.2951424,646.6359745,682.4377954,719.8595555,787.2515218,831.5543398,861.0934122,899.350509,943.2780482,988.6248066,1030.3083,1160.098694,1318.128357
Saudi Arabia,SAU,3.75,3.75,3.75,3.75,3.75,3.75,3.75,3.75,3.75,3.75,3.75,3.75,3.75,3.75,3.75
Sudan,SDN,2.30600092,2.666619622,3.572958333,4.756760547,5.736866667,6.025732598,6.211713646,6.68336,24.3289109,45.76704545,53.9960119,370.7905833,546.75885,,
Senegal,SEN,494.7942622,471.2486257,510.5563385,493.8996239,493.7573299,591.211698,592.6056151,580.6567496,555.4464584,585.9110132,575.5860045,554.530675,623.7597009,606.5697502,606.3452976
Singapore,SGP,1.363508333,1.257775877,1.249676204,1.2513,1.26705,1.374825,1.381546364,1.380925,1.348841667,1.364158333,1.379741667,1.343483333,1.378666667,1.342766667,1.336233333
Solomon Islands,SLB,8.064501344,7.64125903,7.355202847,7.3021351,7.375345354,7.914688977,7.948152938,7.887390369,7.952504861,8.173399298,8.21341291,8.030102991,8.155528698,8.375596776,8.454835602
Sierra Leone,SLE,3.978086667,4.349161667,4.344036667,4.332500833,4.524159167,5.0807475,6.290297415,7.384432222,7.93163175,9.010221144,9.829926763,10.43942532,14.04764979,21.30487511,
El Salvador,SLV,1,1,1,1,1,1,1,1,1,1,1,1,1,1,1
San Marino,SMR,0.75430899,0.718413899,0.77833812,0.752945123,0.752728197,0.901296423,0.903421436,0.885205508,0.846772667,0.893215581,0.877475207,0.845376564,0.950915534,0.924709623,0.924367447
Somalia,SOM,31269.66257,29966.83544,22516.0003,19283.79995,20230.92913,22254.23568,23061.78431,23097.98732,,,,,,,
Serbia,SRB,77.72284167,73.35543333,87.95880833,85.15884167,88.40530833,108.811425,111.27785,107.75885,100.175075,105.2495583,103.1632917,99.39594167,111.6621833,108.4026917,108.2077417
South Sudan,SSD,,2.98895,2.95,2.95,2.95,3.604166667,46.72916667,113.6475,141.3858333,157.9991667,165.9073167,306.3546199,534.5111887,930.3314295,2163.103873
Sao Tome and Principe,STP,18.49860132,17.62293501,19.06841681,18.44995262,18.46640305,22.09064456,22.14886063,21.74113836,20.75085924,21.88474182,21.5070591,20.71040152,23.29040395,22.65842479,
Suriname,SUR,2.745416667,3.268,3.3,3.3,3.3,3.416666667,6.228630278,7.487661125,7.462511198,7.458,9.309545455,18.23866667,24.70917476,36.77586917,33.18055167
Slovakia,SVK,0.75430899,0.718413899,0.77833812,0.752945123,0.752728197,0.901296423,0.903421436,0.885205508,0.846772667,0.893276257,0.875506397,0.845494139,0.949623753,0.924839558,0.923889546
Slovenia,SVN,0.75430899,0.718413899,0.77833812,0.752945123,0.752728197,0.901296423,0.903421436,0.885205508,0.846772667,0.893276257,0.875506397,0.845494139,0.949623753,0.924839558,0.923889546
Sweden,SWE,7.207524167,6.493543333,6.775015833,6.513971667,6.860785,8.434840833,8.561991667,8.548860833,8.692518333,9.458349167,9.210309028,8.576566716,10.11425128,10.6101613,10.56763643
Eswatini,SWZ,7.321221961,7.261132132,8.209968627,9.655056069,10.85265557,12.75893088,14.70961089,13.32380142,13.23392647,14.45178923,16.47025587,14.78343514,16.36228306,18.45359249,18.31768683
Sint Maarten (Dutch part),SXM,,1.79,1.79,1.79,1.79,1.79,1.79,1.79,1.79,1.79,1.79,1.79,1.79,1.79,1.79
Seychelles,SYC,12.06775664,12.38103191,13.70403121,12.05831667,12.74703333,13.313925,13.31911667,13.64784167,13.91111667,14.03325,17.61651876,16.92052257,14.27279453,14.0181107,14.52969319
Syrian Arab Republic,SYR,11.225,48.33666667,64.58083333,108.7333333,154.13,237.0291667,460.2758333,492.6108333,436.5,436.5,877.9452509,1256,2505.746911,,
Turks and Caicos Islands,TCA,1,1,1,1,1,1,1,1,1,1,1,1,1,1,1
Chad,TCD,494.7942622,471.2486257,510.5563385,493.8996239,493.7573299,591.211698,592.6056151,580.6567496,555.4464584,585.9110132,575.5860045,554.530675,623.7597009,606.5697502,606.3452976
Togo,TGO,494.7942622,471.2486257,510.5563385,493.8996239,493.7573299,591.211698,592.6056151,580.6567496,555.4464584,585.9110132,575.5860045,554.530675,623.7597009,606.5697502,606.3452976
Thailand,THA,31.685705,30.49173333,31.08309167,30.72596667,32.47983333,34.24771667,35.29638333,33.93981106,32.31022574,31.04760578,31.29367321,31.97709344,35.06135021,34.80218858,35.29353808
Tajikistan,TJK,4.378966667,4.610183333,4.737708333,4.764233333,4.937566667,6.163116667,7.835675,8.549741667,9.151216667,9.530366667,10.32194167,11.30885,11.031075,10.844525,10.79949167
Timor-Leste,TLS,1,1,1,1,1,1,1,1,1,1,1,1,1,1,1
Tonga,TON,1.905987842,1.72895071,1.719507016,1.773713119,1.846773685,2.105763257,2.215661104,2.205972697,2.236571476,2.28948563,2.299561508,2.264959601,2.327929827,2.363698818,2.373041574
Trinidad and Tobago,TTO,6.375508333,6.409300706,6.429602656,6.442629398,6.409094578,6.377441667,6.668966667,6.779525,6.770750898,6.754326683,6.751052687,6.758530049,6.754128961,6.750262379,6.750123249
Tunisia,TUN,1.4314,1.407783333,1.561891667,1.624658333,1.697675,1.961625,2.148033333,2.419425,2.646866667,2.934433333,2.812358333,2.794466667,3.1036,3.106166667,3.10745
Turkey,TUR,1.50284863,1.674954552,1.796000944,1.903768242,2.188542418,2.720008528,3.020134748,3.648132635,4.828370147,5.673819308,7.008605416,8.850407549,16.54886042,23.73856612,32.80586144
Tanzania,TZA,1395.625,1557.433333,1571.698333,1597.555833,1653.230833,1991.390833,2177.086667,2228.856667,2263.781667,2288.206667,2294.146151,2297.764226,2303.033676,2383.042583,2597.900417
Uganda,UGA,2177.557507,2522.802033,2504.563078,2586.889569,2599.788201,3240.64542,3420.098007,3611.224458,3727.068995,3704.049072,3718.248923,3587.051707,3689.817386,3726.14046,3757.262535
Ukraine,UKR,7.935639417,7.967562833,7.991029333,7.993,11.88665942,21.84469777,25.55133412,26.5966063,27.20049233,25.84558933,26.95752438,27.28618938,32.3423016,36.57380812,40.15208272
Uruguay,URY,20.059275,19.31420833,20.310575,20.48160833,23.246025,27.32736667,30.1626,28.6764,30.72525833,35.255375,42.01329167,43.554575,41.17108333,38.82391667,40.2127875
United States,USA,1,1,1,1,1,1,1,1,1,1,1,1,1,1,1
Uzbekistan,UZB,,,,2094.988465,2310.948159,2567.987213,2965.253499,5113.878946,8069.606237,8836.7875,10054.26133,10609.46439,11050.14542,11734.83342,12652.28682
St. Vincent and the Grenadines,VCT,2.7,2.7,2.7,2.7,2.7,2.7,2.7,2.7,2.7,2.7,2.7,2.7,2.7,2.7,2.7
"Venezuela, RB",VEN,2.582060317,4.2893,4.2893,6.047961842,6.2842,6.2842,9.257344444,9.975,,,,,,,
Virgin Islands (U.S.),VIR,1,1,1,1,1,1,1,1,1,1,1,1,1,1,1
Vietnam,VNM,18612.91667,20509.75,20828,20933.41667,21148,21697.5675,21935.00083,22370.08667,22602.05,23050.24167,23208.36833,23159.78259,23271.2125,23787.31917,24164.88583
Vanuatu,VUT,96.90583333,89.46916667,92.6375,94.5425,97.07166667,108.9891667,108.475,107.8208333,110.165,114.7325,115.38,109.4525,115.3539167,119.1125,119.1666667
Samoa,WSM,2.484656585,2.317472012,2.29231195,2.310900035,2.331768846,2.560873688,2.564929673,2.554377116,2.587279951,2.648826322,2.664960845,2.556092342,2.688997647,2.73843913,2.753953705
Kosovo,XKX,0.75430899,0.718413899,0.77833812,0.752945123,0.752728197,0.901296423,0.903421436,0.885205508,0.846772667,0.893215581,0.877475207,0.845376564,0.950915534,0.924709623,0.924367447
"Yemen, Rep.",YEM,219.59,213.8,214.3491667,214.89,214.89,230.8333333,283.8958333,282.195,214.89,486.7309229,743.0059644,1028.107754,1115.002387,1355.116379,
South Africa,ZAF,7.321221961,7.261132132,8.209968627,9.655056069,10.85265557,12.75893088,14.70961089,13.32380142,13.23392647,14.44842705,16.45910539,14.77867821,16.35585348,18.45024418,18.32865755
Zambia,ZMB,4.7975,4.861666667,5.1475,5.396483333,6.154166667,8.631666667,10.3075,9.5175,10.45833333,12.89,18.34409265,20.01848659,16.93759433,20.21201787,26.16641878
Zimbabwe,ZWE,,,,,,,,,,,51.32901312,88.55244726,374.9543626,3509.17222,3266.331913